Казанская история|Казанский летописец |Летописец о царстве Казанском |О царстве Казанском|Летописец о взятии Казани|О взятии Казани|казанская история|казанский летописец |летописец о царстве Казанском |о царстве Казанском|летописец о взятии Казани|о взятии Казани
Хронограф |гранограф|хронограф |Гранограф||||||||
Хронограф 1-й редакции|Хронограф I-й редакции |Хронограф 1 редакции |Хронограф I редакции|Хронограф 1512 г|хронограф 1-й редакции|хронограф I-й редакции |хронограф 1 редакции |хронограф I редакции|хронограф 1512 г||
Хронограф 2-й редакции|Хронограф II-й редакции |Хронограф 2 редакции|Хронограф II редакции |Хронограф 1617 г|хронограф 2-й редакции|хронограф II-й редакции |хронограф 2 редакции|хронограф II редакции |хронограф 1617 г||
Хронограф 3-й редакции |Хронограф III-й редакции |Хронограф 3 редакции |Хронограф III редакции|Хронограф 1620 г|хронограф 3-й редакции |хронограф III-й редакции |хронограф 3 редакции |хронограф III редакции|хронограф 1620 г||
Повесть Катырева-Ростовского |Повесть И. М. Катырева-Ростовского |Повесть князя И. М. Катырева-Ростовского |Летописная книга И. М. Катырева-Ростовского |Летописная книга князя И. М. Катырева-Ростовского |Летописная книга Катырева-Ростовского|повесть Катырева-Ростовского |повесть И. М. Катырева-Ростовского |повесть князя И. М. Катырева-Ростовского |летописная книга И. М. Катырева-Ростовского |летописная книга князя И. М. Катырева-Ростовского |летописная книга Катырева-Ростовского
Катырев-Ростовский |Катырева-Ростовского||||||||||
Летопись Димитрия Ростовского |Летописец Келейный Димитрия Ростовского |Летописец Келейный Димитрия, митрополита Ростовского и Ярославского |Летопись Димитрия, митрополита Ростовского и Ярославского|Димитрий Ростовский |Димитрия Ростовского|летопись Димитрия Ростовского |летописец Келейный Димитрия Ростовского |летописец Келейный Димитрия, митрополита Ростовского и Ярославского |летопись Димитрия, митрополита Ростовского и Ярославского||
Архангелогородский летописец |Устюжский летописный свод |Устюжский летописец|архангелогородский летописец |устюжский летописный свод |устюжский летописец||||||
Выписка |Отрывок|выписка |отрывок||||||||
Степенная книга |Степенная книга царского родословия|степенная книга |степенная книга царского родословия||||||||
летописец краткий |краткий летописец |краткая летопись |летопись краткая |летописчик|летописец вкратце|Летописец краткий |Краткий летописец |Краткая летопись |Летопись краткая |Летописчик|Летописец вкратце
Российский|русский|российский|Русский||||||||
2о|в полдес|in Folio |В полдес||||||||
4о|в четверть |in Quatro |В четверть ||||||||
8о|в восьмушку |в осьмину |in Octavo|В восьмушку |В осьмину||||||
XI в.|11|11 в.|XI||||||||
XII в.|12|12 в.|XII||||||||
XIII в.|13|13 в.|XIII||||||||
XIV в.|14|14 в.|XIV||||||||
XV в.|15|15 в.|XV||||||||
XVI в.|16|16 в.|XVI||||||||
XVII в.|17|17 в.|XVII||||||||
XVIII в.|18|18 в.|XVII||||||||
XIX в.|19|19 в.|XIX||||||||
